Track URI,Track Name,Album Name,Artist Name(s),Release Date,Duration (ms),Popularity,Explicit,Added By,Added At,Genres,Record Label,Danceability,Energy,Key,Loudness,Mode,Speechiness,Acousticness,Instrumentalness,Liveness,Valence,Tempo,Time Signature
spotify:track:2fP2HkRnFfX3p3VbSg6KqW,"STREET FIGHTER","STREET FIGHTER","FXRR",2022-07-08,149334,34,false,0bnjquo5jylyfdzak3bkvpeht,2025-01-10T17:31:37Z,"phonk,drift phonk","FXRR",0.648,0.893,5,-0.915,0,0.194,0.00176,0,0.652,0.665,179.993,4
spotify:track:0G7qyvqwjfMdHZn4RwiAdf,"Tarantula - Original Mix","Hold Your Colour","Pendulum;Tenor Fly;MC Spyda;DJ Fresh",2007-05-19,331240,60,false,0bnjquo5jylyfdzak3bkvpeht,2025-01-10T17:32:36Z,"drum and bass,dubstep,jungle,ragga,bassline","Breakbeat Kaos",0.515,0.899,7,-5.115,1,0.0602,0.000122,0.0795,0.367,0.267,174.028,4
spotify:track:5wqlRFdpJ1a4kMIBSWeCnN,"Voodoo People - Pendulum Mix","Voodoo People / Out of Space","The Prodigy;Pendulum",2005-10-03,307813,62,false,0bnjquo5jylyfdzak3bkvpeht,2025-01-10T17:32:37Z,"big beat,breakbeat,hardcore techno,drum and bass,dubstep","XL Recordings",0.443,0.96,1,-5.481,1,0.0661,0.000127,0.875,0.194,0.533,174.011,4
spotify:track:4Y2glvLjQGOb4dXnwm1hQf,"Witchcraft","Immersion","Pendulum",2010-05-21,252786,62,false,0bnjquo5jylyfdzak3bkvpeht,2025-01-10T17:32:38Z,"drum and bass,dubstep","WM UK",0.42,0.969,1,-3.139,1,0.0581,0.0000284,0.00861,0.379,0.182,174.038,4
spotify:track:5EYmCZ7F6sA7fVhNhkAMf1,"Vex","Vex","Bensley",2020-09-24,235172,36,false,0bnjquo5jylyfdzak3bkvpeht,2025-01-10T17:32:40Z,"drum and bass,liquid funk","Monstercat",0.32,0.983,2,-1.224,1,0.0519,0.0000377,0.832,0.0888,0.0467,173.97,4
spotify:track:2DZe6IQX5WIhTgr2q5Mu3w,"I Swirl","242 mph","Ruzer",2021-08-27,194262,23,false,0bnjquo5jylyfdzak3bkvpeht,2025-01-10T17:32:41Z,"drum and bass","Epidemic Electronic",0.49,0.837,0,-6.653,1,0.0604,0.00801,0.826,0.149,0.174,174.003,4
spotify:track:5vXcsf438dLvZxXR3SYX9S,"STREET FIGHTER II","STREET FIGHTER II","FXRR",2022-08-05,133825,30,true,0bnjquo5jylyfdzak3bkvpeht,2025-01-10T17:32:45Z,"phonk,drift phonk","FXRR.",0.253,0.982,11,-1.44,1,0.0956,0.0013,0,0.549,0.335,179.834,4
spotify:track:3okcBYUuR2VRbygL9kYb5k,"Drops - Kanine Remix","Drops Remixes","Darkzy;Example;Kanine",2019-06-07,262628,1,true,0bnjquo5jylyfdzak3bkvpeht,2025-01-10T17:33:17Z,"bassline,drum and bass,bass house,liquid funk","Crucast",0.649,0.849,1,-3.254,1,0.366,0.00174,0.00165,0.131,0.0946,174.785,4
spotify:track:5K9xqmCCLkdtZv7E4CytzI,"Love","Love","Subsonic",2019-05-10,232500,0,false,0bnjquo5jylyfdzak3bkvpeht,2025-01-10T17:34:55Z,"drum and bass,bassline","Crucast",0.808,0.932,0,0.72,1,0.329,0.0296,0.00494,0.166,0.404,128.011,4
spotify:track:7GTrIRmjum3UMSPtZL21LB,"Black Widow","Liondub Street Series, Vol. 11: Black Widow","Macky Gee",2015-04-06,268628,48,false,0bnjquo5jylyfdzak3bkvpeht,2025-01-10T17:35:12Z,"drum and bass,bassline,bass house","Liondub International",0.907,0.961,6,0.839,1,0.05,0.0519,0.291,0.0683,0.969,87.516,4
spotify:track:1VO8LC2PyM13d1LxE6KLSc,"Put It On Me (feat. Mila Falls)","Put It On Me (feat. Mila Falls)","Holy Goof;NOTION;Mila Falls",2020-09-18,190348,43,false,0bnjquo5jylyfdzak3bkvpeht,2025-01-10T17:35:18Z,"bassline,bass house,drum and bass,britský garage","Spinnin' Records",0.748,0.583,9,-5.673,1,0.0556,0.00684,0,0.433,0.374,129.063,4
spotify:track:6ZjF7ecMawDKpbMTfo5p46,"Bruises","Bruises (Destinations)","Fox Stevenson",2018-08-15,220732,53,true,0bnjquo5jylyfdzak3bkvpeht,2025-01-10T17:35:24Z,"drum and bass,dubstep,drumstep","Pilot.",0.458,0.854,11,-3.08,1,0.0786,0.00039,0.0000145,0.6,0.356,174.088,4
spotify:track:3tn4oVzRTGm3bKMEvzCj17,"Amethyst","Amethyst","Art1fact",2023-05-19,212413,4,false,0bnjquo5jylyfdzak3bkvpeht,2025-01-10T17:35:36Z,"drum and bass","Art1fact Music",0.723,0.951,8,-1.663,0,0.114,0.00193,0.771,0.618,0.0671,173.984,4
spotify:track:0Ja4hLKiUSw01E01pJ1yGr,"Breathe","The Fat of the Land","The Prodigy",1997-06-30,336280,68,false,0bnjquo5jylyfdzak3bkvpeht,2025-01-10T17:35:42Z,"big beat,breakbeat,hardcore techno","XL Recordings",0.673,0.808,9,-6.183,1,0.0491,0.0121,0.878,0.037,0.303,130.041,4
spotify:track:7DCdoJx9mCpdxcyk5CtbBM,"Ready To Fly","Evolve","Sub Focus;Dimension",2023-05-12,205480,61,false,0bnjquo5jylyfdzak3bkvpeht,2025-01-10T17:35:49Z,"drum and bass,liquid funk","EMI",0.481,0.97,8,-0.386,0,0.0542,0.0374,0.397,0.189,0.371,173.969,4
spotify:track:467sWjgD8wt6v7QuHO9t96,"Carbon Flare","Carbon Flare","TS7",2018-08-10,259453,34,false,0bnjquo5jylyfdzak3bkvpeht,2025-01-10T17:36:44Z,"bassline,drum and bass,bass house,britský garage","TS7",0.872,0.944,10,-4.224,0,0.234,0.0275,0.000151,0.685,0.535,130.017,4
spotify:track:2Zd9ICFhHeQzWRd3kUKYJF,"Lumberjack","Lumberjack","Serum",2018-06-14,291235,0,false,0bnjquo5jylyfdzak3bkvpeht,2025-01-10T17:36:57Z,"drum and bass,jungle,bassline","Souped Up Records",0.804,0.818,4,-0.49,0,0.0603,0.0131,0.692,0.124,0.439,89.007,4
spotify:track:6xylQub9EOn4H0et2wE2rD,"Take Me Back","Take Me Back","Tsuki;Aleya Mae",2021-07-30,207964,0,false,0bnjquo5jylyfdzak3bkvpeht,2025-01-10T17:37:22Z,"drum and bass,bassline,bass house,liquid funk","Crucast",0.321,0.946,4,-2.432,0,0.469,0.104,0.435,0.0759,0.129,175.768,4
spotify:track:6nnt2dTOUnXGTlNeoAUpK1,"Over","Over","Tsuki",2019-06-21,237168,1,false,0bnjquo5jylyfdzak3bkvpeht,2025-01-10T17:37:31Z,"drum and bass,bassline,bass house","Crucast",0.764,0.922,6,-0.872,0,0.0571,0.009,0.000182,0.11,0.805,133.943,4
spotify:track:58GJfyXvTB7zYMHN0mcGEo,"Real Raver - Tsuki Remix","Real Raver (Remixes)","TS7;Slick Don;Tsuki",2020-02-07,208250,41,false,0bnjquo5jylyfdzak3bkvpeht,2025-01-10T17:38:17Z,"bassline,drum and bass,bass house,britský garage","TS7",0.63,0.905,11,-1.369,0,0.43,0.339,0,0.231,0.571,180.166,4
spotify:track:5aUXOZP5xQquhXMJLtcwKI,"Offender","Organ","Dimension",2021-03-05,223448,52,false,0bnjquo5jylyfdzak3bkvpeht,2025-01-10T17:38:28Z,"drum and bass,liquid funk","Dimension",0.462,1,10,-0.024,1,0.0982,0.00351,0.804,0.295,0.274,174.004,4
spotify:track:3ze3ouuovH0xrJbll9DKWu,"Real (feat. Cecelia) - VIP Mix","Real (feat. Cecelia) [VIP Mix]","NOTION;Cecelia",2019-05-13,184687,48,false,0bnjquo5jylyfdzak3bkvpeht,2025-01-10T17:39:41Z,"bassline,bass house,drum and bass,britský garage","Musical Freedom",0.683,0.814,4,-3.405,0,0.0368,0.00486,0,0.25,0.459,128.053,4
spotify:track:7xN6f50e0ZdiDehWaVFeZ2,"Party All the Time (feat. Kay)","Party All the Time (feat. Kay)","Darkzy;Kay",2019-11-29,266929,1,false,0bnjquo5jylyfdzak3bkvpeht,2025-01-10T17:39:54Z,"bassline,drum and bass,bass house,latinskoamerický house","Crucast",0.684,0.606,11,-6.733,1,0.159,0.00345,0,0.512,0.0412,134.996,4
spotify:track:5IiAyeg16Rk5holAyjwpLO,"Sundown","Sundown","Kanine",2019-10-04,268800,46,false,0bnjquo5jylyfdzak3bkvpeht,2025-01-10T17:40:01Z,"drum and bass,bassline,liquid funk","Unleashed",0.578,0.936,5,-1.838,0,0.0567,0.00599,0.0254,0.226,0.183,174.896,4
spotify:track:6fdr24Ns8PoBQ8wGwuupRr,"Moments","Moments","Macky Gee",2018-07-20,227657,45,false,0bnjquo5jylyfdzak3bkvpeht,2025-01-10T17:40:08Z,"drum and bass,bassline,bass house","Down 2 Earth Musik",0.579,0.947,10,0.246,0,0.0434,0.224,0.147,0.0781,0.546,174.966,4
spotify:track:3QRE0rMSiI6ceS0ZOxFblB,"Want You","Want You","Kanine",2018-10-12,247210,3,false,0bnjquo5jylyfdzak3bkvpeht,2025-01-10T17:40:13Z,"drum and bass,bassline,liquid funk","Crucast",0.55,0.984,10,-1.11,0,0.0933,0.00104,0.103,0.107,0.0584,174.976,4
spotify:track:5bHPkGeg3LbrW7eFkMEC0r,"Bad Habits","Bad Habits","Wa-Fu",2021-01-20,213715,1,false,0bnjquo5jylyfdzak3bkvpeht,2025-01-10T17:40:43Z,"bassline,bass house,drum and bass","House Call Records",0.695,0.868,9,-4.602,1,0.0785,0.439,0.693,0.163,0.746,131.991,4
spotify:track:0v9FopnUjdazLkHb2vzcdt,"CHASE THE SUN","CHASE THE SUN","TurboKevin",2022-10-21,211288,60,false,0bnjquo5jylyfdzak3bkvpeht,2025-01-10T17:41:20Z,"hypertechno,techno","Vertigo Berlin",0.599,0.971,9,-7.264,0,0.397,0.0271,0.0863,0.389,0.189,180.059,4
spotify:track:1emn8uOfuaO6a8jXhUJnkj,"Sunglasses at Night - Radio Edit","Sunglasses at Night","Skepta",2009-03-16,141920,38,false,0bnjquo5jylyfdzak3bkvpeht,2025-01-10T17:42:17Z,"grime,britský grime","Boy Better Know",0.77,0.753,10,-10.075,0,0.0562,0.0623,0,0.0603,0.54,135.168,4
spotify:track:1Znrxt0huLn9CsP3ElgMWE,"Meant To Be","Meant To Be","Samstone;Jay Wall;DEEPROT",2021-12-01,199399,31,false,0bnjquo5jylyfdzak3bkvpeht,2025-01-10T17:42:32Z,"bassline,drum and bass,bass house,britský garage","DEEPROT",0.722,0.975,4,-1.658,0,0.179,0.177,0.159,0.19,0.54,130.008,4
spotify:track:354Cv7huFJnlEdVAHvhH3Q,"Stars On The Roof (feat. MOMO)","Stars On The Roof (feat. MOMO)","Alcemist;MoMo",2023-01-20,242769,58,true,0bnjquo5jylyfdzak3bkvpeht,2025-01-10T17:42:49Z,"drum and bass","DnB Allstars Records",0.657,0.861,0,-2.191,1,0.0456,0.0226,0.000194,0.644,0.357,87.485,4
spotify:track:54vA1DPHdURxxpxpPx2wmU,"RAMBO","RAMBO","Baxter",2022-10-28,343448,40,false,0bnjquo5jylyfdzak3bkvpeht,2025-01-10T17:43:12Z,"","Baxter",0.578,0.884,9,-5.796,0,0.0652,0.127,0.000923,0.183,0.402,144.053,4
spotify:track:6phZ9iQDWrB11ZPRjNDdNS,"Go, Acid! - Used Remix","Go, Acid! (Used Remix)","Acid;Used;Joost;Apson",2022-03-24,172800,43,true,0bnjquo5jylyfdzak3bkvpeht,2025-01-10T17:43:26Z,"drum and bass,gabber,europop","Albino Sports & Pikvis Records",0.673,0.982,1,-0.505,1,0.0527,0.0358,0.0000047,0.707,0.814,175.039,4
spotify:track:4KbPvG2JzC0Sdu4RtI9y9S,"Magic Carpet","Magic Carpet","Bou;MC Spyda",2020-02-17,276937,46,false,0bnjquo5jylyfdzak3bkvpeht,2025-01-10T17:45:28Z,"drum and bass,bassline,jungle","BassLayerz Recordings",0.633,0.746,10,-4.541,1,0.104,0.151,0.00634,0.0922,0.184,87.043,4
spotify:track:3q2uX1BAjCiKmhEQiqWZTD,"Set Me Free","Set Me Free","Friction",2021-11-26,223526,48,false,0bnjquo5jylyfdzak3bkvpeht,2025-01-10T17:47:05Z,"drum and bass,liquid funk,bassline","Elevate Records",0.376,0.969,5,-2.495,0,0.0459,0.0016,0.29,0.162,0.493,173.941,4
spotify:track:1635wWSdp29PO3GxYhy991,"Bel Mercy","Bel Mercy","Jengi",2022-12-02,169606,62,false,0bnjquo5jylyfdzak3bkvpeht,2025-01-10T17:47:53Z,"","FFRR",0.949,0.736,1,-6.17,1,0.0992,0.401,0.736,0.137,0.708,127.016,4
spotify:track:6D1v5PAr6RKuJ8VuaS5aIO,"FLUTE","FLUTE","MONSS",2022-09-23,197489,51,false,0bnjquo5jylyfdzak3bkvpeht,2025-01-10T17:48:16Z,"drum and bass,liquid funk","NUFORM",0.75,0.863,7,-3.208,1,0.0451,0.0402,0.593,0.162,0.192,87.513,4
spotify:track:6imZiUw4WfnffJPi6exHEp,"All Ganja Man","All Ganja Man","Serum;MC Spyda",2018-05-14,334915,46,false,0bnjquo5jylyfdzak3bkvpeht,2025-01-10T17:48:34Z,"drum and bass,jungle,bassline","BassLayerz Recordings",0.751,0.96,1,-0.079,1,0.24,0.00799,0.00000269,0.2,0.618,177.071,4
spotify:track:39hweGrOCqq8C9gi2UybOB,"450 - 2020 Mix","Full Wack No Brakes","Bad Boy Chiller Crew;S Dog",2020-09-25,256615,34,true,0bnjquo5jylyfdzak3bkvpeht,2025-01-10T17:49:20Z,"bassline","House Anxiety",0.878,0.695,6,-7.713,0,0.206,0.229,0,0.397,0.924,129.949,4
spotify:track:6r8xlPyUQG8zbXbh26duFW,"LET'S TROT!","LET'S TROT!","Brothers;Joel Fletcher",2022-03-18,188111,49,true,0bnjquo5jylyfdzak3bkvpeht,2025-01-10T17:50:28Z,"aussie drill,drill,melbourne bounce,bounce","WM Australia",0.872,0.696,2,-6.898,1,0.268,0.0918,0,0.164,0.758,135.087,4
spotify:track:6RKuDa25W0ElVZamOAHriH,"Down","Bass Cracker 2","Jacko",2020-12-18,263283,31,false,0bnjquo5jylyfdzak3bkvpeht,2025-01-10T17:50:44Z,"bassline,bass house,drum and bass","Crucast",0.955,0.766,0,-4.666,1,0.0601,0.0215,0.382,0.0806,0.164,134.013,4
spotify:track:7mWjieCRUlxjaGzyD6Ukb0,"R20","R20","Tekraw;MOPCMEH",2021-08-13,150913,0,false,0bnjquo5jylyfdzak3bkvpeht,2025-01-10T17:54:45Z,"g-house,bassline,bass house","BASS LINE",0.893,0.727,0,-5.491,1,0.069,0.00117,0.0124,0.0522,0.682,130.041,4
spotify:track:0xfMlIW8lS40qvpsUw1l0X,"Never Going Home","Never Going Home","Kungs",2021-05-21,169944,64,false,0bnjquo5jylyfdzak3bkvpeht,2025-01-10T17:54:48Z,"","Universal Music Division Island Def Jam",0.836,0.846,0,-4.673,1,0.0392,0.0907,0.047,0.057,0.942,122.042,4
spotify:track:1Mze7crzF9BWo82DiAsmjj,"Tour","Tour","Macky Gee",2017-09-19,289371,56,false,0bnjquo5jylyfdzak3bkvpeht,2025-01-10T17:54:54Z,"drum and bass,bassline,bass house","Elevate Records",0.584,0.993,5,1.634,0,0.0527,0.456,0.688,0.129,0.36,175.082,4
spotify:track:5cRDn5aGMLvWsldoRmOOz0,"Solar System","Solar System / Siren","Sub Focus",2019-07-26,288000,62,false,0bnjquo5jylyfdzak3bkvpeht,2025-01-10T17:54:57Z,"drum and bass,liquid funk","EMI",0.544,0.942,5,-2.552,0,0.0464,0.0355,0.435,0.631,0.303,173.97,4
spotify:track:0aUsqnfEEFwJSOkKe4OHuo,"Draw For The Draw","Moments","Macky Gee;Harry Shotta",2018-07-20,272914,0,true,0bnjquo5jylyfdzak3bkvpeht,2025-01-10T17:54:58Z,"drum and bass,bassline,bass house,jungle","Down 2 Earth Musik",0.583,0.993,1,2.781,1,0.0833,0.189,0.707,0.89,0.672,175.032,4
spotify:track:5l9NEMBpuF5mtjv4vO1Zoq,"Generator","Generator / Beg & Borrow","Dimension",2017-04-21,306206,45,false,0bnjquo5jylyfdzak3bkvpeht,2025-01-10T17:55:02Z,"drum and bass,liquid funk","Dimension",0.405,0.957,5,-1.318,0,0.0627,0.0343,0.142,0.0988,0.0779,173.985,4
spotify:track:6sdvLVBHnuNjne2DS2IrJ9,"Sundown","Sundown","Kanine",2019-10-04,268800,0,false,0bnjquo5jylyfdzak3bkvpeht,2025-01-10T17:55:03Z,"drum and bass,bassline,liquid funk","UNLEASHED",0.578,0.936,5,-1.838,0,0.0568,0.00592,0.0257,0.226,0.183,174.9,4
spotify:track:2ON6cCZbi7momz4JLx2jTN,"Siren","Solar System / Siren","Sub Focus",2019-07-26,256000,52,false,0bnjquo5jylyfdzak3bkvpeht,2025-01-10T17:55:09Z,"drum and bass,liquid funk","EMI",0.486,0.986,5,0.92,0,0.062,0.118,0.684,0.219,0.241,173.983,4
spotify:track:6tC2iHfUlzB2W4ntXXL2BH,"Propane Nightmares","In Silico","Pendulum",2008-05-09,313346,58,false,0bnjquo5jylyfdzak3bkvpeht,2025-01-10T17:57:00Z,"drum and bass,dubstep","WM UK",0.356,0.966,7,-4.13,0,0.0825,0.000262,0.148,0.192,0.215,173.992,4
spotify:track:5ami95W9OOWQPwrBb5tud5,"Watercolour - Full Version; Single","Immersion","Pendulum",2010-05-21,304106,59,false,0bnjquo5jylyfdzak3bkvpeht,2025-01-10T17:57:09Z,"drum and bass,dubstep","WM UK",0.421,0.896,5,-5.696,0,0.103,0.000174,0.039,0.323,0.169,174.065,4
spotify:track:5cw39FV9eXL3IuLxwpG8Z1,"Slam","Hold Your Colour","Pendulum",2007-05-19,344973,55,false,0bnjquo5jylyfdzak3bkvpeht,2025-01-10T17:58:30Z,"drum and bass,dubstep","Breakbeat Kaos",0.428,0.983,10,-4.104,0,0.0478,0.0000304,0.824,0.322,0.3,173.996,4
spotify:track:6u6gTsX0rVhgL5UTwhwUHK,"Blood Sugar - Original Mix","Hold Your Colour","Pendulum",2007-05-19,315733,50,false,0bnjquo5jylyfdzak3bkvpeht,2025-01-10T17:59:16Z,"drum and bass,dubstep","Breakbeat Kaos",0.367,0.97,8,-5.109,1,0.128,0.00014,0.806,0.168,0.169,176.007,4
spotify:track:69d0sDgbueWWHuFjcZd996,"Showdown","Showdown","Pendulum",2009-01-01,327706,17,false,0bnjquo5jylyfdzak3bkvpeht,2025-01-10T18:00:52Z,"drum and bass,dubstep","WM UK",0.369,0.961,11,-4.593,0,0.0477,0.00000564,0.701,0.133,0.163,174.018,4
spotify:track:4FbbLeFZHry6ajZzBbeh1B,"O","Invaders Must Die","The Prodigy",2009-01-01,216026,2,false,0bnjquo5jylyfdzak3bkvpeht,2025-01-10T18:04:10Z,"big beat,breakbeat,hardcore techno","Vertigo Berlin",0.546,0.952,7,-5.142,1,0.0435,0.000732,0.177,0.283,0.556,139.993,4
spotify:track:6vJk0OjT8X2C9zlPmVOgC9,"Roadblox","The Day Is My Enemy","The Prodigy",2015-03-30,300893,41,false,0bnjquo5jylyfdzak3bkvpeht,2025-01-10T18:06:26Z,"big beat,breakbeat,hardcore techno","Take Me To The Hospital",0.519,0.82,7,-9.41,1,0.0902,0.00145,0.512,0.094,0.195,165.023,4
spotify:track:4Xk1z76vpyqwI2TT3KdKA9,"We Live Forever","No Tourists","The Prodigy",2018-11-02,223819,47,false,0bnjquo5jylyfdzak3bkvpeht,2025-01-10T18:06:51Z,"big beat,breakbeat,hardcore techno","Take Me To The Hospital",0.545,0.952,0,-4.413,1,0.049,0.000255,0.0432,0.151,0.099,133.036,4
spotify:track:2L1aZnDDgVANTgIKGCI5co,"Last Time","Last Time","Subsonic",2021-10-22,201379,50,false,0bnjquo5jylyfdzak3bkvpeht,2025-01-10T18:18:03Z,"drum and bass,bassline","Elevate Records",0.528,0.991,10,-1.982,1,0.117,0.0107,0.647,0.466,0.679,174.06,4
spotify:track:77WI2HaRmm2no6NqSA3G2c,"Take It All","Take It All","Subsonic;Stealth",2024-11-29,226206,50,false,0bnjquo5jylyfdzak3bkvpeht,2025-01-10T18:18:13Z,"drum and bass,bassline","Subsonic : Frequencies",0.434,0.882,0,-5.025,0,0.0355,0.00385,0.0288,0.149,0.127,174.038,4
spotify:track:3eBZOEzakLG48zsIKlOZYY,"Launchpad","Launchpad","Subsonic;Aleya Mae",2023-03-23,179310,45,false,0bnjquo5jylyfdzak3bkvpeht,2025-01-10T18:18:18Z,"drum and bass,bassline,liquid funk","UKF",0.597,0.963,8,-1.873,1,0.0355,0.407,0.756,0.674,0.83,174.019,4
spotify:track:6nPcSiQUfwIvA5iJSinBFf,"Love VIP","Love VIP / Touchdown VIP","Subsonic",2020-04-10,232500,1,false,0bnjquo5jylyfdzak3bkvpeht,2025-01-10T18:18:24Z,"drum and bass,bassline","Crucast",0.851,0.923,2,-0.027,1,0.369,0.0133,0.00113,0.2,0.463,128.069,4
spotify:track:6tCdBWL2AKhu3UMWkx1hlw,"Need Me","Need Me","Subsonic",2020-11-20,247750,46,false,0bnjquo5jylyfdzak3bkvpeht,2025-01-10T18:18:30Z,"drum and bass,bassline","Elevate Records",0.459,0.966,8,-3.142,0,0.13,0.00736,0.452,0.133,0.538,175.078,4
spotify:track:25JNOXGpHw3E9wmLNmcarr,"LEFT TO RIGHT (Subsonic Remix)","LEFT TO RIGHT (Subsonic Remix)","Odd Mob;Subsonic",2023-03-03,179310,40,false,0bnjquo5jylyfdzak3bkvpeht,2025-01-10T18:18:37Z,"tech house,bass house,drum and bass,bassline","Tinted Records",0.561,0.961,0,-1.988,1,0.104,0.122,0.959,0.416,0.417,174.011,4
spotify:track:507UUx311ghfFTMSuHUeyS,"Desire (Sub Focus & Dimension)","Desire (with Dimension) [Sub Focus & Dimension]","Sub Focus;Dimension",2018-09-14,215172,62,false,0bnjquo5jylyfdzak3bkvpeht,2025-01-10T18:19:23Z,"drum and bass,liquid funk","EMI",0.537,0.906,8,-1.167,0,0.0651,0.133,0.0187,0.319,0.504,173.898,4
spotify:track:75xoQG7rwVC2xNGZOfg2mh,"Vibration (feat. AR/CO)","Evolve","Sub Focus;AR/CO",2023-05-12,242760,57,false,0bnjquo5jylyfdzak3bkvpeht,2025-01-10T18:19:32Z,"drum and bass,liquid funk","EMI",0.538,0.968,0,-0.526,0,0.0375,0.298,0.0238,0.133,0.127,174.007,4
spotify:track:1j6lrR4BzRGKwvAPfrIcbf,"Invaders Must Die","Invaders Must Die","The Prodigy",2009-02-23,295026,58,false,0bnjquo5jylyfdzak3bkvpeht,2025-01-28T05:16:16Z,"big beat,breakbeat,hardcore techno","Take Me To The Hospital",0.606,0.9,6,-5.168,1,0.0547,0.000508,0.901,0.112,0.115,140.035,4
spotify:track:4OYhOYnrwWDNlOByAdPAHM,"Warrior's Dance","Invaders Must Die","The Prodigy",2009-02-23,312960,59,false,0bnjquo5jylyfdzak3bkvpeht,2025-01-28T05:17:02Z,"big beat,breakbeat,hardcore techno","Take Me To The Hospital",0.579,0.989,5,-5.035,0,0.135,0.0128,0.794,0.73,0.0759,137.015,4
spotify:track:0KCT63T5YEsW8pNnuhr9ZC,"Light Up the Sky","No Tourists","The Prodigy",2018-11-02,199715,48,false,0bnjquo5jylyfdzak3bkvpeht,2025-01-28T05:17:46Z,"big beat,breakbeat,hardcore techno","Take Me To The Hospital",0.198,0.951,1,-5.786,1,0.122,0.00168,0.783,0.312,0.326,159.872,5
spotify:track:3uQ4QuEuqy47UW85DpkmCZ,"Baby's Got a Temper - Main Mix","Baby's Got a Temper","The Prodigy",2002-07-01,267000,46,false,0bnjquo5jylyfdzak3bkvpeht,2025-01-28T05:18:05Z,"big beat,breakbeat,hardcore techno","XL Recordings",0.567,0.952,6,-5.634,1,0.0465,0.000495,0.0451,0.338,0.497,105.957,4
spotify:track:2JCfiNog8XQIOHFcxZoRo6,"Shut 'Em Up","The Day Is My Enemy (Expanded Edition)","The Prodigy;Manfred Mann;Public Enemy",2015-11-10,260000,49,false,0bnjquo5jylyfdzak3bkvpeht,2025-01-28T05:18:22Z,"big beat,breakbeat,hardcore techno,old school hip hop,hip hop z východního pobřeží,hip hop,hardcore hip hop","Take Me To The Hospital",0.571,0.937,6,-2.995,1,0.0476,0.00253,0.00000413,0.539,0.319,199.942,4
spotify:track:6tMgq6dD4XithaNmcigrzS,"Nasty","The Day Is My Enemy (Expanded Edition)","The Prodigy",2015-11-10,243467,38,false,0bnjquo5jylyfdzak3bkvpeht,2025-01-28T05:20:38Z,"big beat,breakbeat,hardcore techno","Take Me To The Hospital",0.126,0.903,11,-6.348,1,0.0918,0.0000729,0.00667,0.198,0.321,185.099,5
spotify:track:5aYrqHtWy7UJljAVq3LFwv,"Napalm","Napalm","Pendulum;Joey Valence & Brae",2024-08-21,204214,52,false,0bnjquo5jylyfdzak3bkvpeht,2025-01-28T05:22:39Z,"drum and bass,dubstep","Mushroom Music/Virgin Music Group",0.537,0.842,6,-5.521,0,0.0628,0.000141,0.023,0.363,0.427,174.118,4
spotify:track:3Q30QundzRyAG6x19JVYtA,"Hold Your Colour","Hold Your Colour","Pendulum",2007-05-19,328480,56,false,0bnjquo5jylyfdzak3bkvpeht,2025-01-28T05:22:56Z,"drum and bass,dubstep","Breakbeat Kaos",0.43,0.889,5,-4.821,0,0.0374,0.00142,0.224,0.397,0.181,173.962,4
spotify:track:16akrYX3LKYx7b9aPGDiMd,"Nothing For Free","Elemental","Pendulum",2021-06-17,183765,45,false,0bnjquo5jylyfdzak3bkvpeht,2025-01-28T05:23:11Z,"drum and bass,dubstep","Liberator Music",0.469,0.92,3,-4.759,0,0.0385,0.00555,0.00317,0.0862,0.787,160.071,4
spotify:track:6hzwfFKrTabeUsW5SWti17,"Crush","Immersion","Pendulum",2010-05-21,253706,57,false,0bnjquo5jylyfdzak3bkvpeht,2025-01-28T05:23:24Z,"drum and bass,dubstep","WM UK",0.418,0.906,2,-3.754,1,0.0368,0.0000134,0.0216,0.164,0.164,173.998,4
spotify:track:3aiycOKS6P30BnR7dUfrnA,"Granite","In Silico","Pendulum",2008-05-09,283466,47,false,0bnjquo5jylyfdzak3bkvpeht,2025-01-28T05:23:34Z,"drum and bass,dubstep","WM UK",0.392,0.925,6,-6.349,1,0.0462,0.0000135,0.703,0.356,0.2,174.089,4
spotify:track:7eHvmbbmUKT1AYtPmzr7Ww,"Mercy Killing","Mercy Killing","Pendulum;Scarlxrd",2023-11-01,229083,41,true,0bnjquo5jylyfdzak3bkvpeht,2025-01-28T05:24:46Z,"drum and bass,dubstep,trap metal,rap metal,horrorcore,emo rap","Liberator Music / Virgin Music Group",0.412,0.927,1,-5.745,1,0.0827,0.000199,0.00000456,0.59,0.16,183.941,4
spotify:track:3cNsLpqu5TGoGKwM6cyZXB,"The Vulture","Immersion","Pendulum",2010-05-21,243293,46,false,0bnjquo5jylyfdzak3bkvpeht,2025-01-28T05:25:58Z,"drum and bass,dubstep","WM UK",0.58,0.978,1,-3.586,0,0.0478,0.0000653,0.83,0.349,0.657,140.031,4
spotify:track:1kvnmJ67M3ByVx4y3ou2iP,"Showdown","In Silico","Pendulum",2008-05-09,327706,45,false,0bnjquo5jylyfdzak3bkvpeht,2025-01-28T05:26:17Z,"drum and bass,dubstep","WM UK",0.369,0.961,11,-4.593,0,0.0477,0.00000564,0.701,0.133,0.163,174.018,4
spotify:track:0nDxEl03YSjrDB7IBZaZHx,"Buffalo Charge","Buffalo Charge","Dub Phizix;Strategy",2014-10-27,340142,23,false,0bnjquo5jylyfdzak3bkvpeht,2025-02-03T13:21:55Z,"drum and bass,jungle,drumstep,liquid funk,breakbeat,dubstep,britský garage,grime","SenkaSonic",0.697,0.481,1,-5.007,1,0.113,0.0234,0.0000612,0.171,0.691,174.03,4
spotify:track:6QOUMEzV1hvHS3yaF43xw8,"Disease - DnB Remix","Disease","Trax",2021-10-07,267435,42,false,0bnjquo5jylyfdzak3bkvpeht,2025-04-23T20:45:53Z,"drum and bass,bassline","Urban Masters Audio",0.833,0.534,8,-7.653,0,0.401,0.0075,0,0.131,0.806,87.505,4
spotify:track:185mPScSGRuSVx3vRWhfhg,"Rhyme Dust - Dimension Remix","Rhyme Dust (Dimension Remix)","MK;Dom Dolla;Dimension",2023-05-05,204137,52,false,0bnjquo5jylyfdzak3bkvpeht,2025-05-01T17:36:05Z,"house,tech house,drum and bass,liquid funk","Columbia",0.584,0.995,7,0.905,1,0.11,0.0579,0.818,0.373,0.597,173.981,4
spotify:track:76x1mIsCz46excW50sehDt,"It's That Time - Dimension Remix","It's That Time (Dimension Remix)","Marlon Hoffstadt;Dimension;DJ Daddy Trance",2023-10-06,215172,56,false,0bnjquo5jylyfdzak3bkvpeht,2025-05-01T17:51:16Z,"hard house,eurodance,trance,techno,drum and bass,liquid funk,hypertechno","Method 808, distributed by gamma.",0.698,0.981,5,-0.179,1,0.109,0.00329,0.49,0.308,0.524,173.989,4
spotify:track:3HrHhTWonBqF4mDasi8xvC,"BACKBONE","BACKBONE","Chase & Status;Stormzy",2024-08-08,166448,73,true,0bnjquo5jylyfdzak3bkvpeht,2025-06-27T08:06:51Z,"drum and bass,jungle,grime,britský grime,britský drill","EMI",0.777,0.934,2,-0.959,1,0.254,0.285,0.0000386,0.275,0.637,88.009,4
spotify:track:37mG6IjvmVd0bKf83D7ZGt,"Burning","Burning","NOTION",2020-07-10,183560,43,false,0bnjquo5jylyfdzak3bkvpeht,2025-06-27T08:07:14Z,"bassline,bass house,drum and bass,britský garage","Musical Freedom",0.7,0.983,10,-2.914,0,0.0534,0.0289,0.159,0.246,0.635,127.009,4
spotify:track:0l0AzLfJ1FxOxfJqK69056,"LUV UNDER","LUV UNDER","Tekraw;nootro;zlayasyka",2021-10-01,166166,4,true,0bnjquo5jylyfdzak3bkvpeht,2025-06-27T08:07:33Z,"g-house,bassline,bass house,britský garage","SAVAGE$TATION",0.934,0.916,10,-2.436,0,0.204,0.0306,0.0000247,0.143,0.764,128,4
spotify:track:6DsPM0HMAXN5x4pzBR6bbo,"Aftershock","Aftershock","Macky Gee;Stuart Rowe",2017-08-07,230400,53,false,0bnjquo5jylyfdzak3bkvpeht,2025-06-27T08:07:50Z,"drum and bass,bassline,bass house","Down 2 Earth Musik",0.688,0.922,6,0.444,0,0.0362,0.263,0.0302,0.186,0.695,175.054,4
spotify:track:5hu38DJrTEe4oelJ17iwpK,"Kisses","Kisses","Dj sca",2025-05-22,198484,21,false,0bnjquo5jylyfdzak3bkvpeht,2025-06-27T08:08:02Z,"","Dj Sca",0.689,0.753,0,-5.287,1,0.0432,0.0394,0.0885,0.283,0.466,160.017,4
spotify:track:44PQeBu7z7gIeDMdRzdI5D,"Come Together","Come Together","Urbandawn;Tyson Kelly",2019-05-24,238959,52,false,0bnjquo5jylyfdzak3bkvpeht,2025-06-27T08:08:16Z,"drum and bass,liquid funk","Hospital Records",0.671,0.868,1,1.221,1,0.0873,0.00279,0.273,0.148,0.464,173.035,4
spotify:track:56eQI8WLKYX2R7FmpuJgYX,"Your Love","After Dark","Friction;Kanine",2022-09-23,250264,51,false,0bnjquo5jylyfdzak3bkvpeht,2025-06-27T08:09:42Z,"drum and bass,liquid funk,bassline","Elevate Records",0.587,0.896,1,-1.778,1,0.0522,0.00153,0.00162,0.072,0.111,174.047,4
spotify:track:45qaAaQolmwfPj3mU7sOk8,"Full Send","Full Send [UKF10]","1991",2019-10-11,229137,57,false,0bnjquo5jylyfdzak3bkvpeht,2025-06-27T08:09:59Z,"drum and bass,liquid funk","UKF",0.516,0.955,5,-0.846,0,0.0296,0.0336,0.0876,0.114,0.489,173.947,4
spotify:track:1WShqPmOqOWljVNxI60ZA4,"Rock It - Wilkinson Remix","Reworks I","Sub Focus;Wilkinson",2021-09-17,272840,50,false,0bnjquo5jylyfdzak3bkvpeht,2025-06-27T08:10:33Z,"drum and bass,liquid funk","RAM Records",0.453,0.99,5,-1.368,0,0.0861,0.0161,0.932,0.109,0.399,174.05,4
spotify:track:2utAuZWOq0Staky6RgtfLE,"Timewarp - Dimension Remix","Reworks I","Sub Focus;Dimension",2021-09-17,226613,44,false,0bnjquo5jylyfdzak3bkvpeht,2025-06-27T08:10:50Z,"drum and bass,liquid funk","RAM Records",0.453,0.961,0,-2.687,1,0.0757,0.000798,0.722,0.353,0.184,174.047,4
